{
  "date": "2025-06-06",
  "events": [
    {
      "id": "demo_nfp",
      "name": "Nonfarm Payrolls",
      "description": "Monthly employment report showing job creation",
      "time_utc": "2025-06-06T13:30:54.657371+00:00",
      "impact": "high",
      "currency": "USD",
      "actual": null,
      "forecast": "180K",
      "previous": "175K",
      "source": "fred_demo"
    },
    {
      "id": "demo_cpi",
      "name": "Consumer Price Index",
      "description": "Inflation measure at consumer level",
      "time_utc": "2025-06-06T15:00:54.657371+00:00",
      "impact": "medium",
      "currency": "USD",
      "actual": null,
      "forecast": "3.2%",
      "previous": "3.1%",
      "source": "fred_demo"
    },
    {
      "id": "demo_gdp",
      "name": "GDP Quarterly Growth",
      "description": "Quarterly gross domestic product growth rate",
      "time_utc": "2025-06-06T17:00:54.657371+00:00",
      "impact": "high",
      "currency": "USD",
      "actual": null,
      "forecast": "2.1%",
      "previous": "2.3%",
      "source": "fred_demo"
    },
    {
      "id": "demo_retail",
      "name": "Retail Sales m/m",
      "description": "Month-over-month retail sales change",
      "time_utc": "2025-06-06T19:30:54.657371+00:00",
      "impact": "medium",
      "currency": "USD",
      "actual": null,
      "forecast": "0.3%",
      "previous": "0.1%",
      "source": "fred_demo"
    }
  ],
  "metadata": {
    "total_events": 4,
    "sources_used": {
      "FREDSource": 4
    },
    "ingested_at": "2025-06-06T03:30:54.657371+00:00",
    "impact_breakdown": {
      "high": 2,
      "medium": 2,
      "low": 0
    }
  }
}